Word,Category
the,Germanic
I,Germanic
to,Germanic
and,Germanic
a,Germanic
of,Germanic
was,Germanic
he,Germanic
you,Germanic
it,Germanic
in,Germanic
her,Germanic
she,Germanic
that,Germanic
my,Germanic
his,Germanic
me,Germanic
on,Germanic
with,Germanic
at,Germanic
as,Germanic
had,Germanic
for,Germanic
but,Germanic
him,Germanic
said,Germanic
be,Germanic
up,Germanic
out,Germanic
look,Germanic
so,Germanic
have,Germanic
what,Germanic
not,Germanic
just,French
like,Germanic
go,Germanic
they,Norse
is,Germanic
this,Germanic
from,Germanic
all,Germanic
we,Germanic
were,Germanic
back,Germanic
do,Germanic
one,Germanic
about,Germanic
know,Germanic
if,Germanic
when,Germanic
get,Norse
then,Germanic
into,Germanic
would,Germanic
no,Germanic
there,Germanic
I'm,Germanic
could,Germanic
don't,Germanic
ask,Germanic
down,Germanic
time,Germanic
didn't,Germanic
want,Germanic
eye,Germanic
them,Germanic
over,Germanic
your,Germanic
are,Germanic
or,Germanic
been,Germanic
now,Germanic
an,Germanic
by,Germanic
think,Germanic
see,Germanic
hand,Germanic
it's,Germanic
say,Germanic
how,Germanic
around,Germanic
head,Germanic
did,Germanic
well,Germanic
before,Germanic
off,Germanic
who,Germanic
more,Germanic
even,Germanic
turn,French
come,Germanic
smile,Germanic
way,Germanic
really,Germanic
can,Germanic
face,Latin
other,Germanic
some,Germanic
right,Germanic
their,Germanic
only,Germanic
walk,Germanic
make,Germanic
got,Germanic
try,French
something,Germanic
room,Germanic
again,Germanic
thing,Germanic
after,Germanic
still,Germanic
thought,Germanic
door,Germanic
here,Germanic
too,Germanic
little,Germanic
because,French
why,Germanic
away,Germanic
let,Germanic
take,Germanic
two,Germanic
start,Germanic
good,Germanic
where,Germanic
never,Germanic
through,Germanic
day,Germanic
much,Germanic
tell,Germanic
wasn't,Germanic
girl,Germanic
feel,Germanic
oh,Germanic
you're,Germanic
call,Germanic
talk,Germanic
will,Germanic
long,Germanic
than,Germanic
us,Germanic
made,Germanic
friend,Germanic
knew,Germanic
open,Germanic
need,Germanic
first,Germanic
which,Germanic
people,French
that's,Germanic
went,Germanic
sure,French
seem,Germanic
stop,Germanic
voice,French
very,Latin
felt,Germanic
took,Germanic
our,Germanic
pull,Germanic
laugh,Germanic
man,Germanic
okay,Germanic
close,French
any,Germanic
came,Germanic
told,Germanic
love,Germanic
watch,Germanic
arm,Germanic
anything,Germanic
I'll,Germanic
though,Germanic
put,Germanic
left,Germanic
work,Germanic
guy,Germanic
hair,Germanic
next,Germanic
couldn't,Germanic
yeah,Germanic
while,Germanic
mean,Germanic
home,Germanic
few,Germanic
saw,Germanic
place,Germanic
school,Germanic
help,Germanic
wait,Germanic
late,Germanic
year,Germanic
can't,Germanic
house,Germanic
happen,Germanic
last,Germanic
always,Germanic
move,French
old,Germanic
night,Germanic
nod,Germanic
life,Germanic
give,Germanic
sit,Germanic
stare,Germanic
sat,Germanic
should,Germanic
moment,French
another,Germanic
behind,Germanic
side,Germanic
sound,Germanic
once,Germanic
find,Germanic
toward,Germanic
boy,Germanic
ever,Germanic
nothing,Germanic
front,French
mother,Germanic
name,Germanic
am,Germanic
since,Germanic
reply,French
he's,Germanic
myself,Germanic
leave,Germanic
bed,Germanic
new,Germanic
car,French
use,Latin
mind,Germanic
maybe,Germanic
has,Germanic
heard,Germanic
answer,Germanic
minute,Latin
yes,Germanic
until,Germanic
both,Germanic
found,French
end,Germanic
small,Germanic
I'd,Germanic
word,Germanic
someone,Germanic
same,Germanic
enough,Germanic
began,Latin
run,Germanic
bit,Germanic
sigh,Germanic
each,Germanic
those,Germanic
almost,Germanic
against,Germanic
everything,Germanic
most,Germanic
thank,Germanic
wouldn't,Germanic
mom,Germanic
better,Germanic
play,Germanic
I've,Germanic
own,Germanic
every,Germanic
hard,Germanic
remember,French
three,Germanic
stood,Germanic
live,Germanic
stand,Germanic
second,French
sorry,Germanic
keep,Germanic
finally,Germanic
point,French
gave,Germanic
already,Germanic
actually,Germanic
probably,Germanic
himself,Germanic
big,Germanic
everyone,Germanic
guess,Germanic
lot,Germanic
step,Germanic
hey,Germanic
hear,Germanic
light,Germanic
quickly,Germanic
dad,Germanic
kiss,Germanic
black,Germanic
pick,Germanic
else,Germanic
soon,Germanic
shoulder,Germanic
table,Germanic
best,Germanic
without,Germanic
notice,French
stay,Germanic
care,Germanic
phone,Greek
reach,Germanic
realize,French
follow,Germanic
decide,French
kind,Germanic
she's,Germanic
grab,Dutch
he'd,Germanic
show,Germanic
inside,Germanic
suddenly,Germanic
father,Germanic
rest,Germanic
herself,Germanic
grin,Germanic
hour,French
hope,Germanic
also,Germanic
body,Germanic
might,Germanic
hadn't,Germanic
floor,Germanic
its,Germanic
continue,French
ran,Germanic
across,French
hold,Germanic
cry,French
half,Germanic
pretty,Germanic
great,Germanic
course,French
mouth,Germanic
class,French
kid,Germanic
miss,Germanic
wonder,Germanic
morning,Germanic
least,Germanic
nice,French
dark,Germanic
slowly,Germanic
done,Germanic
change,Latin
doesn't,Germanic
together,Germanic
yet,Germanic
question,French
anyway,Germanic
bad,Germanic
blue,French
believe,Germanic
week,Germanic
God,Germanic
lip,Germanic
Mr.,French
sleep,Germanic
fine,Latin
what's,Germanic
family,Italian
many,Germanic
worry,Germanic
roll,Latin
parent,French
under,Germanic
surprise,French
water,Germanic
onto,Germanic
we're,Germanic
glance,Germanic
wall,Germanic
between,Germanic
seen,Arabic
read,Germanic
window,Germanic
idea,Greek
white,Germanic
push,French
feet,Germanic
must,Germanic
such,Germanic
seat,Germanic
set,Germanic
please,French
red,Germanic
brother,Germanic
these,Germanic
whole,Germanic
lean,Germanic
part,Germanic
person,Latin
slightly,Germanic
pass,Italian
shook,Germanic
fact,French
wrong,Germanic
gone,Germanic
far,Germanic
hit,Germanic
finger,Germanic
quite,French
hate,Germanic
meet,Germanic
finish,French
heart,Germanic
book,Germanic
past,Germanic
kill,Germanic
reason,Germanic
anyone,Germanic
figure,French
top,Germanic
along,Germanic
world,Germanic
she'd,Germanic
high,Germanic
shirt,Germanic
does,Germanic
today,Germanic
young,Germanic
held,Germanic
outside,Germanic
listen,Germanic
whisper,Germanic
won't,Germanic
happy,Germanic
ground,Germanic
deep,Germanic
drop,Germanic
shrug,Germanic
dress,French
fell,Germanic
there's,Germanic
yell,Germanic
breath,Germanic
air,French
tear,Germanic
sister,Germanic
chair,French
kitchen,Germanic
matter,French
hurt,Germanic
fall,Germanic
wear,Germanic
isn't,Germanic
woman,Germanic
eat,Germanic
lie,Germanic
hell,Germanic
suppose,French
cover,Latin
couple,French
large,French
either,Germanic
five,Germanic
leg,Germanic
jump,Germanic
die,Germanic
return,French
able,French
bag,Germanic
alone,Germanic
shut,Germanic
stuff,Germanic
short,Germanic
ready,Germanic
understand,Germanic
kept,Germanic
plan,French
raise,Germanic
street,Germanic
different,French
problem,French
break,Germanic
line,Germanic
early,Germanic
cut,Germanic
cold,Germanic
paper,Latin
scream,Germanic
instead,Germanic
stupid,French
silence,French
tree,Germanic
caught,French
ear,Germanic
food,Germanic
full,Germanic
four,Germanic
cause,Latin
fuck,Germanic
explain,French
expect,Latin
fight,Germanic
exactly,Latin
sort,French
completely,Latin
men,Germanic
dance,French
met,Germanic
story,French
whatever,Germanic
build,Germanic
speak,Germanic
glass,Germanic
pain,French
check,French
glare,Germanic
corner,French
Mrs.,French
chest,Germanic
hot,Germanic
rather,Germanic
month,Germanic
real,Latin
touch,Germanic
park,Germanic
bring,Germanic
they're,Germanic
drink,Germanic
ago,Germanic
force,Germanic
you've,Germanic
fast,Germanic
lost,Germanic
attention,Latin
wish,Germanic
mark,Germanic
wave,Germanic
shout,Germanic
fill,Germanic
begin,Germanic
baby,Germanic
interest,Latin
money,French
fun,Germanic
green,Germanic
however,Germanic
cheek,Germanic
mine,Germanic
clear,French
brown,Germanic
forward,Germanic
near,Germanic
picture,French
may,Germanic
cool,Germanic
drive,Germanic
hug,Germanic
shake,Germanic
sense,Germanic
alright,Germanic
you'll,Germanic
dream,Germanic
hang,Germanic
clothes,Germanic
act,French
become,Germanic
manage,French
meant,Germanic
game,Germanic
ignore,French
stair,Germanic
taken,Germanic
party,French
add,Latin
sometimes,Germanic
job,Germanic
ten,Germanic
shot,Germanic
date,French
quiet,French
gaze,Germanic
group,Italian
loud,Germanic
straight,Germanic
dead,Germanic
neck,Germanic
beside,Germanic
pause,French
number,French
conversation,French
chance,Latin
we'll,Germanic
rose,Latin
quietly,Germanic
town,Germanic
blood,Germanic
color,French
desk,Latin
dinner,Latin
hall,Germanic
horse,Germanic
music,French
brought,Germanic
piece,Celtic
anymore,Germanic
beautiful,Germanic
order,French
fire,Germanic
office,French
true,Germanic
although,Germanic
warm,Germanic
easy,Germanic
enter,French
perfect,French
mutter,Imitative
softly,Germanic
cross,Germanic
shock,Dutch
smirk,Germanic
damn,French
soft,Germanic
stomach,French
snap,Germanic
spoke,Germanic
tire,Germanic
box,Germanic
catch,Latin
skin,Germanic
teacher,Germanic
middle,Germanic
note,Germanic
yourself,Germanic
haven't,Germanic
lunch,Germanic
tomorrow,Germanic
breathe,Germanic
clean,Germanic
except,French
appear,French
lock,Germanic
knock,Germanic
bathroom,Germanic
movie,French
agree,French
offer,Germanic
kick,Germanic
form,French
confuse,French
lay,Germanic
less,Germanic
calm,Latin
slip,Germanic
weren't,Germanic
sign,French
dog,Germanic
lift,Germanic
immediately,Germanic
arrive,Latin
deal,Germanic
tonight,Germanic
usually,Germanic
case,French
frown,Celtic
shop,Germanic
scare,Germanic
promise,Latin
mum,Germanic
couch,Germanic
pay,Latin
state,French
shit,Germanic
wrap,Germanic
pocket,Germanic
hello,Germanic
free,Germanic
huge,Germanic
ride,Germanic
bother,Scots
land,Germanic
known,Germanic
especially,French
expression,French
carry,French
ring,Germanic
spot,Germanic
allow,French
several,Latin
aren't,Germanic
during,Germanic
empty,Germanic
lady,Germanic
eyebrow,Germanic
strange,French
coffee,Arabic
road,Germanic
threw,Germanic
wide,Germanic
bus,Latin
forget,Germanic
gotten,Germanic
smell,Germanic
fear,Germanic
press,Latin
boyfriend,Germanic
blonde,French
throw,Germanic
round,Germanic
sun,Germanic
tall,Germanic
glad,Germanic
age,Latin
write,Germanic
upon,Germanic
hide,Germanic
became,Germanic
crowd,Germanic
rain,Germanic
save,Latin
trouble,Latin
annoy,French
nose,Germanic
weird,Germanic
death,Germanic
beat,Germanic
tone,French
trip,Germanic
six,Germanic
control,Latin
nearly,Germanic
consider,French
gonna,Germanic
join,French
learn,Germanic
above,Germanic
hi,Germanic
obviously,Latin
entire,French
direction,French
foot,Germanic
angry,Germanic
power,Latin
strong,Germanic
quick,Germanic
doctor,French
edge,Germanic
song,Germanic
asleep,Germanic
twenty,Germanic
barely,Germanic
remain,French
child,Germanic
enjoy,French
gun,Germanic
slow,Germanic
city,Latin
broke,Germanic
key,Germanic
lead,Germanic
throat,Germanic
normal,Latin
you'd,Germanic
somewhere,Germanic
wake,Germanic
pair,Latin
sky,Germanic
funny,Germanic
business,Germanic
student,French
giggle,Germanic
bright,Germanic
admit,French
jeans,Latin
given,Germanic
children,Germanic
store,French
sweet,Germanic
low,Germanic
climb,Germanic
rub,Germanic
apartment,French
knee,Germanic
shoe,Germanic
attack,French
bedroom,Germanic
joke,Italian
spent,Germanic
situation,Latin
stuck,Germanic
gently,Germanic
possible,French
cell,Germanic
mention,French
silent,Latin
definitely,Latin
rush,Germanic
hung,Germanic
brush,Germanic
perhaps,Germanic
groan,Germanic
ass,Germanic
rock,Germanic
card,Latin
lose,Germanic
blush,Germanic
besides,Germanic
crazy,Unknown
type,Greek
bore,Germanic
afraid,Germanic
chase,French
respond,Latin
marry,French
remind,Germanic
pack,Germanic
daughter,Germanic
serious,Latin
girlfriend,Germanic
mad,Germanic
somehow,Germanic
buy,Germanic
sent,Germanic
tight,Germanic
simply,Germanic
trust,Germanic
imagine,French
wind,Germanic
chuckle,Germanic
bar,Latin
pink,Dutch
shove,Germanic
ball,Germanic
sight,Germanic
drag,Norse
they'd,Germanic
human,French
truth,Germanic
share,Germanic
area,Latin
concern,Latin
shouldn't,Germanic
team,Germanic
escape,Latin
mumble,Germanic
often,Germanic
search,French
apparently,Latin
attempt,French
son,Germanic
within,Germanic
band,Germanic
cute,Latin
led,Germanic
memory,French
anger,Germanic
fly,Germanic
paint,French
bottle,Germanic
busy,Germanic
comment,Latin
exclaim,French
avoid,French
grow,Germanic
grey,Germanic
mirror,French
gasp,Germanic
hallway,Germanic
dear,Germanic
star,Germanic
sick,Germanic
cat,Germanic
counter,French
interrupt,Latin
none,Germanic
blink,Germanic
spend,Germanic
usual,French
worse,Germanic
locker,Germanic
important,Latin
favorite,French
grip,Germanic
TV,Uncategorized
ice,Germanic
pretend,French
settle,Germanic
amaze,Germanic
pop,Imitative
disappear,Germanic
carefully,Germanic
train,French
stick,Germanic
guard,Germanic
teeth,Germanic
flash,Germanic
uncle,French
send,Germanic
doubt,French
visit,French
nervous,Latin
excite,French
approach,Latin
excuse,French
fit,Germanic
noise,French
study,French
letter,Latin
police,French
eventually,French
burn,Germanic
field,Germanic
hospital,Latin
tie,Germanic
summer,Germanic
huh,Imitative
shift,Germanic
self,Germanic
hurry,Germanic
greet,Germanic
wife,Germanic
position,French
we've,Germanic
wipe,Germanic
heavy,Germanic
slam,Germanic
broken,Germanic
complete,French
space,French
brain,Germanic
tiny,Germanic
pants,French
ah,Imitative
punch,French
shower,Germanic
tongue,Germanic
afternoon,Germanic
seriously,Germanic
cup,Germanic
further,Germanic
race,Germanic
recognize,French
computer,Germanic
rang,Germanic
safe,French
jacket,French
bottom,Germanic
hundred,Germanic
relax,French
sudden,French
wow,Scots
college,French
flip,Germanic
mood,Germanic
track,Germanic
crack,Germanic
block,Germanic
handle,Germanic
themselves,Germanic
drove,Germanic
seven,Germanic
struggle,Germanic
whether,Germanic
ahead,Germanic
sad,Germanic
dry,Germanic
women,Germanic
focus,Latin
repeat,French
thick,Germanic
relationship,Latin
jerk,Germanic
present,French
suck,Germanic
bell,Germanic
surround,French
evening,Germanic
bite,Germanic
single,French
fault,French
shadow,Germanic
wood,Germanic
easily,Germanic
woke,Germanic
smoke,Germanic
draw,Germanic
suggest,Latin
wet,Germanic
accept,French
third,Germanic
totally,Latin
wore,Germanic
breakfast,Germanic
trail,Latin
animal,French
warn,Germanic
aunt,French
sir,French
piss,French
burst,Germanic
match,Germanic
fix,French
practically,Greek
odd,Germanic
wash,Germanic
sing,Germanic
inch,Latin
size,French
secret,French
who's,Germanic
clock,Dutch
company,French
view,French
suit,French
forever,Germanic
familiar,Latin
forehead,Germanic
shoot,Germanic
grew,Germanic
stretch,Germanic
pound,Germanic
despite,French
response,French
center,Germanic
curl,Germanic
slight,Germanic
toss,Germanic
beneath,Germanic
fist,Germanic
welcome,Germanic
laughter,Germanic
angel,Germanic
Christmas,Germanic
we'd,Germanic
main,Germanic
simple,French
neither,Germanic
distance,French
comfort,Latin
upset,Germanic
assume,Latin
eight,Germanic
gather,Germanic
lucky,Germanic
fade,Latin
Ms.,Uncategorized
coat,Germanic
special,French
awkward,Norse
certain,Latin
plate,Latin
darkness,Germanic
practice,Latin
obvious,Latin
grade,French
cream,French
choice,Germanic
hardly,Germanic
pale,French
thin,Germanic
button,Germanic
chocolate,Mayan
refuse,French
slid,Germanic
pillow,Germanic
thirty,Germanic
count,French
honestly,Germanic
poor,French
motion,French
storm,Germanic
lightly,Germanic
nobody,Germanic
experience,French
path,Germanic
period,French
dare,Germanic
demand,French
comfortable,French
clearly,Germanic
silver,Germanic
peer,Germanic
birthday,Germanic
disgust,French
embarrass,French
bought,Germanic
test,French
lap,Germanic
bet,French
loudly,Germanic
driver,Germanic
murmur,French
taste,Latin
perfectly,Latin
squeeze,Germanic
board,Germanic
worth,Germanic
fold,Germanic
spread,Germanic
crap,French
emotion,French
subject,Latin
pour,French
laid,Germanic
lower,Germanic
mile,Germanic
yea,Germanic
page,French
pile,French
snow,Germanic
message,Latin
English,Germanic
scene,French
sink,Germanic
fail,Latin
forgot,Germanic
hole,Germanic
silently,Latin
heat,Germanic
weekend,Germanic
drew,Germanic
guitar,Spanish
sweat,Germanic
unless,Germanic
cloud,Germanic
waist,Germanic
slap,Germanic
argue,French
grass,Germanic
idiot,French
screen,Germanic
yesterday,Germanic
swear,Germanic
twin,Germanic
instantly,Latin
apart,French
narrow,Germanic
opposite,French
blow,Germanic
wrist,Germanic
earth,Germanic
action,French
circle,French
forgotten,Germanic
list,Germanic
closet,French
drunk,Germanic
shape,Germanic
yellow,Germanic
twist,Germanic
weight,Germanic
smart,Germanic
it'll,Germanic
treat,French
pool,Germanic
prepare,French
awake,Germanic
certainly,Germanic
tease,Germanic
contact,Latin
slide,Germanic
wonderful,Germanic
bitch,Germanic
reveal,French
swing,Germanic
truck,Germanic
anywhere,Germanic
flower,French
upstairs,Germanic
hers,Germanic
itself,Germanic
wander,Germanic
downstairs,Germanic
football,Germanic
possibly,Latin
rip,Germanic
forest,Germanic
mostly,Germanic
bloody,Germanic
church,Germanic
gay,French
stone,Germanic
husband,Germanic
sex,French
trick,Latin
yours,Germanic
growl,Germanic
club,Germanic
Friday,Germanic
stage,French
include,Latin
sip,Germanic
invite,French
sharp,Germanic
convince,Latin
sheet,Germanic
absolutely,Germanic
orange,French
relief,French
apologize,Greek
art,Germanic
he'll,Germanic
remove,French
crash,Unknown
van,Latin
curse,Germanic
alive,Germanic
blanket,Germanic
receive,French
tip,Germanic
rise,Germanic
tightly,Germanic
waste,Germanic
bowl,Germanic
fallen,Germanic
river,Latin
mama,Germanic
pace,French
honey,Germanic
swallow,Germanic
king,Germanic
camera,Latin
deserve,French
dirty,Germanic
chin,Germanic
doorway,Germanic
image,French
cookie,Dutch
homework,Germanic
hat,Germanic
luck,Germanic
aside,Germanic
information,French
fifteen,Germanic
fair,Germanic
player,Germanic
monster,French
gate,Germanic
win,Germanic
below,Germanic
ceiling,French
click,Germanic
cook,Germanic
travel,French
fish,Germanic
lit,Germanic
nervously,Latin
towel,Germanic
shiver,Germanic
final,French
horrible,French
station,French
camp,Germanic
hungry,Germanic
thousand,Germanic
evil,Germanic
rich,Germanic
war,Germanic
involve,French
jaw,French
uncomfortable,Latin
directly,Latin
level,French
double,French
nine,Germanic
creature,French
glow,Germanic
somewhat,Germanic
blame,French
entrance,French
hip,Germanic
fresh,Germanic
hiss,Germanic
normally,Latin
tap,Germanic
machine,Latin
ruin,French
bear,Germanic
rule,French
till,Germanic
cock,Germanic
stumble,Germanic
complain,Latin
everybody,Germanic
truly,Germanic
nurse,Latin
speed,Germanic
hmm,Imitative
panic,French
smooth,Germanic
weak,Germanic
good-bye,Germanic
would've,Germanic
extra,Latin
gesture,Latin
scowl,Germanic
beer,Germanic
release,French
country,Latin
officer,French
careful,Germanic
create,Latin
hill,Germanic
snort,Germanic
flew,Germanic
heel,Germanic
brow,Germanic
charge,Latin
flat,Germanic
plus,Latin
switch,Dutch
whenever,Germanic
drift,Germanic
metal,French
discover,Latin
wheel,Germanic
skirt,Germanic
pat,Germanic
ate,Germanic
tea,Dutch
hotel,French
sob,Germanic
future,French
record,French
boot,Germanic
likely,Germanic
cheer,French
gold,Germanic
prove,Germanic
ha,Imitative
twice,Germanic
aware,Germanic
lack,Germanic
princess,French
bench,Germanic
cousin,French
detail,French
amount,French
bird,Germanic
backward,Germanic
crush,Germanic
cigarette,French
faint,French
belong,Germanic
stranger,French
beach,Germanic
load,Germanic
everywhere,Germanic
scratch,Germanic
history,French
restaurant,French
event,French
extremely,Latin
widen,Germanic
clutch,Germanic
due,French
tug,Germanic
beyond,Germanic
happily,Germanic
mistake,Germanic
palm,Germanic
amuse,Germanic
guest,Germanic
Saturday,Germanic
wooden,Germanic
worst,Germanic
exit,Latin
plastic,Greek
reality,French
wince,Germanic
announce,French
gotta,Germanic
slept,Germanic
she'll,Germanic
member,French
choose,Germanic
Dr.,Latin
swim,Germanic
alarm,French
crawl,Germanic
dollar,Dutch
knife,Germanic
magic,Latin
paid,Germanic
pizza,Greek
purse,Germanic
gift,Germanic
chicken,Germanic
plane,French
choke,Germanic
screw,Germanic
protest,French
base,Latin
drug,Germanic
introduce,French
sleeve,Germanic
movement,Latin
loose,Germanic
bare,Germanic
wanna,Germanic
difficult,French
frame,Germanic
spin,Germanic
fake,Germanic
pen,Germanic
understood,Germanic
nor,Germanic
unfortunately,Latin
written,Germanic
decision,French
beg,Germanic
heavily,Germanic
insist,French
soul,Germanic
random,Germanic
sport,Germanic
male,Italian
urge,Latin
million,French
yawn,Germanic
backpack,Germanic
judge,French
startle,Germanic
bunch,Germanic
stream,Germanic
they'll,Germanic
muscle,French
yard,Germanic
accident,French
dragon,Germanic
sentence,French
fool,French
torn,Germanic
bow,Germanic
echo,Latin
mix,Germanic
bury,Germanic
system,French
dirt,Germanic
spirit,French
leaf,Germanic
protect,Latin
row,Germanic
forth,Germanic
purple,Latin
bang,Germanic
curious,French
nearby,Germanic
nowhere,Germanic
collapse,Latin
hop,Germanic
proud,Germanic
wing,Germanic
destroy,Latin
sea,Germanic
separate,Latin
silly,Germanic
wound,Germanic
honest,Germanic
battle,Germanic
born,Germanic
cough,Germanic
mountain,Latin
split,Germanic
square,Latin
underneath,Germanic
bike,Germanic
process,French
somebody,Germanic
classroom,Germanic
presence,French
whose,Germanic
grown,Germanic
hidden,Germanic
serve,Latin
female,Latin
garden,Germanic
meal,Germanic
unable,Germanic
elbow,Germanic
support,French
bridge,Germanic
reaction,French
skip,Germanic
wild,Germanic
angrily,Germanic
effect,Latin
threaten,Germanic
basically,Greek
smack,Germanic
stroke,Germanic
flow,Germanic
moan,Germanic
plant,Germanic
impossible,Germanic
bruise,Germanic
disappoint,French
energy,French
relieve,French
confusion,French
wedding,Germanic
fat,Germanic
bill,Germanic
dude,Germanic
address,Latin
cast,Germanic
naked,Germanic
toy,Germanic
math,Germanic
personal,French
ship,Germanic
spun,Germanic
chat,French
pray,French
whip,Germanic
grasp,Germanic
hasn't,Germanic
float,Germanic
fully,Germanic
gorgeous,French
indeed,Germanic
nail,Germanic
vision,French
innocent,French
friendly,Germanic
jealous,French
swung,Germanic
flame,French
dorm,Latin
driveway,Germanic
spill,Germanic
gang,Germanic
murder,Germanic
respect,French
bent,Germanic
tail,Germanic
inform,French
lesson,French
whine,Germanic
clench,Germanic
excitement,French
library,French
lord,Germanic
surface,French
dust,Germanic
dump,Germanic
feature,French
object,French
weapon,Germanic
calmly,Latin
hesitate,Latin
hint,Germanic
law,Germanic
magazine,Arabic
among,Germanic
boss,Dutch
file,Germanic
leather,Germanic
result,Latin
thrown,Germanic
toe,Germanic
terrible,French
local,Latin
project,Latin
won,Germanic
radio,Latin
regret,Germanic
grumble,French
otherwise,Germanic
ridiculous,Latin
CD,Uncategorized
lovely,Germanic
mock,Germanic
effort,French
fan,Latin
nerve,Latin
report,French
stall,Germanic
elevator,Latin
mate,Germanic
bastard,Germanic
grunt,Germanic
o'clock,Germanic
rope,Germanic
entirely,Germanic
frighten,Germanic
shade,Germanic
strength,Germanic
bone,Germanic
exchange,Latin
flight,Germanic
Monday,Germanic
partner,French
plain,French
shine,Germanic
cafeteria,French
beam,Germanic
exist,French
porch,French
queen,Germanic
squeal,Germanic
faith,French
pierce,French
remark,French
content,Latin
ease,Germanic
flick,Germanic
mall,Latin
cannot,Germanic
carpet,Latin
length,Germanic
replace,Latin
duck,Germanic
bump,Germanic
common,French
style,Latin
tan,Celtic
cake,Germanic
court,French
previous,Latin
balance,Latin
bank,Italian
blind,Germanic
dangerous,French
particular,French
sell,Germanic
wrote,Germanic
distract,Latin
melt,Germanic
popular,French
social,French
teach,Germanic
appearance,French
correct,French
lake,Germanic
public,French
sarcastically,Greek
guilty,Germanic
kinda,Germanic
shall,Germanic
television,French
boat,Germanic
firmly,Germanic
tent,French
thumb,Germanic
manner,French
flush,French
roof,Germanic
schedule,Latin
dine,Latin
weather,Germanic
casually,Germanic
moon,Germanic
difference,French
butt,Germanic
charm,Germanic
feed,Germanic
frustration,Latin
gentle,French
hook,Germanic
bounce,Germanic
particularly,Latin
pleasure,French
sneak,Germanic
leader,Germanic
rage,French
shriek,Germanic
suffer,French
Sunday,Germanic
argument,Latin
pregnant,French
discuss,French
statement,Germanic
ticket,Germanic
dig,Germanic
doll,Germanic
chill,Germanic
fence,French
horror,French
built,Germanic
cop,Germanic
security,French
sidewalk,Germanic
breast,Germanic
curtain,French
whom,Germanic
fifty,Germanic
giant,Latin
milk,Germanic
recall,Latin
term,French
footstep,Germanic
stun,Germanic
tuck,Germanic
clothing,Germanic
lick,Germanic
joy,Latin
ugly,Germanic
hopefully,Germanic
soldier,Latin
plead,Latin
struck,Germanic
trap,Germanic
opinion,French
plenty,French
tank,Portuguese
breeze,Germanic
awesome,Germanic
desire,French
roommate,Germanic
halfway,Germanic
opportunity,French
outfit,Germanic
rough,Germanic
ain't,Germanic
beauty,French
chose,French
snake,Germanic
tape,Germanic
badly,Germanic
cheat,Latin
daddy,Germanic
roar,Germanic
describe,French
desperately,Latin
height,Germanic
thigh,Germanic
tilt,Germanic
deeply,Germanic
friendship,Germanic
winter,Germanic
witch,Germanic
worn,Germanic
condition,French
enemy,French
golden,Germanic
sofa,French
master,Latin
rude,French
throughout,Germanic
assure,French
damage,Latin
natural,French
steal,Germanic
belt,Germanic
cage,French
claim,French
nightmare,Germanic
prefer,French
purpose,French
merely,Germanic
pin,Germanic
French,Germanic
sadly,Germanic
uniform,French
branch,Celtic
direct,Latin
hunter,Germanic
juice,French
character,French
pure,French
stain,Germanic
various,French
gain,Germanic
soak,Germanic
lately,Germanic
pitch,Germanic
accent,French
they've,Germanic
tremble,Latin
cabin,French
chew,Germanic
physical,Latin
puzzle,Germanic
explode,Latin
steady,Germanic
how's,Germanic
pet,Scots
sake,Germanic
compare,French
principal,French
scan,Latin
forty,Germanic
impress,Latin
mentally,Latin
react,Latin
sandwich,Germanic
shy,Germanic
twelve,Germanic
whilst,Germanic
bullet,French
challenge,French
command,Latin
examine,French
film,Germanic
appreciate,Latin
tense,French
blank,Germanic
blew,Germanic
fought,Germanic
gym,Latin
passenger,French
teenager,Germanic
dish,Germanic
drawn,Germanic
scary,Germanic
unlike,Germanic
straighten,Germanic
strain,Germanic
tune,French
constantly,Latin
famous,French
marriage,French
bound,Latin
fancy,Latin
issue,French
warmth,Germanic
awhile,Germanic
collect,Latin
concentrate,French
copy,Latin
disbelief,French
tighten,Germanic
determine,French
favor,French
mental,Latin
bush,Germanic
forgive,Germanic
aim,French
embrace,French
fairly,Germanic
froze,Germanic
insult,Latin
option,French
post,French
resist,French
spoken,Germanic
apple,Germanic
general,French
instant,French
jeep,Uncategorized
emerge,French
neighbor,Germanic
pressure,Latin
service,Latin
shuffle,Germanic
briefly,Germanic
notebook,Germanic
peace,French
string,Germanic
wine,Germanic
dash,Germanic
gut,Germanic
stress,Latin
connect,Latin
language,Latin
private,Latin
spring,Germanic
chip,Germanic
puppy,French
ache,Germanic
desperate,Latin
habit,French
necessary,French
nope,Germanic
pencil,French
satisfy,French
deny,French
mommy,Germanic
attitude,Latin
dial,French
painful,Germanic
display,French
frustrate,Latin
it'd,Germanic
tend,Germanic
exact,Latin
powerful,Germanic
nature,French
photo,Greek
total,French
video,Italian
egg,Germanic
occur,French
anybody,Germanic
corridor,French
gulp,Germanic
trace,Latin
whoever,Germanic
brief,French
exhaust,Latin
pout,Germanic
terrify,French
chapter,French
insane,Latin
spell,Germanic
surely,Germanic
tray,Germanic
alcohol,Arabic
chain,French
fashion,French
garage,French
inquire,Italian
candy,Arabic
similar,Latin
bark,Germanic
flirt,Germanic
pathetic,French
supply,French
tower,Germanic
engine,French
frozen,Germanic
map,Latin
toilet,French
background,Germanic
shudder,Germanic
spider,Germanic
adult,French
cheap,Germanic
clue,Germanic
hazel,Germanic
irritate,Latin
sand,Germanic
quarter,French
spare,Germanic
American,Germanic
rid,Germanic
spat,Latin
pot,Germanic
awful,Germanic
bleed,Germanic
fate,Latin
jog,Germanic
strike,Germanic
grimace,French
holiday,Germanic
whistle,Germanic
agreement,French
dull,Germanic
expensive,Latin
snatch,Germanic
sometime,Germanic
ability,French
campus,Latin
collar,Latin
disturb,French
flicker,Germanic
proceed,French
recently,Latin
risk,Persian
skill,Germanic
topic,Latin
defense,Latin
fry,Germanic
luckily,Germanic
retort,French
captain,Latin
eaten,Germanic
glove,Germanic
mid,Germanic
owner,Germanic
cheese,Germanic
yank,Scots
afterward,Germanic
closely,Germanic
coach,Hungarian
feather,Germanic
handsome,Germanic
New York,Uncategorized
pity,French
signal,Latin
sniff,Germanic
strap,Germanic
contain,French
survive,French
sweater,Germanic
west,Germanic
drawer,Germanic
leap,Germanic
major,Latin
peek,Germanic
suspect,French
tour,French
freeze,Germanic
heaven,Germanic
mask,Germanic
surprisingly,French
abruptly,Latin
begun,Germanic
customer,French
pad,Germanic
design,French
flop,Imitative
pride,Germanic
yep,Germanic
interview,French
makeup,Germanic
blast,Germanic
prince,French
rode,Germanic
bubble,Germanic
rent,Latin
teen,Germanic

